FCID,Lane,SampleId,SampleRef,Index,Description,Control,Recipe,Operator,SampleProject
C5P1GACXX,1,41608,RNA,CGATGT,Stat3LepR1,N,R,UM DNA Sequencing Core,mmyers
C5P1GACXX,1,41609,RNA,CAGATC,Stat3Non1,N,R,UM DNA Sequencing Core,mmyers
C5P1GACXX,1,41610,RNA,GTGAAA,Stat3LepR2,N,R,UM DNA Sequencing Core,mmyers
C5P1GACXX,1,41611,RNA,TGACCA,Stat3Non2,N,R,UM DNA Sequencing Core,mmyers
C5P1GACXX,1,41612,RNA,GAGTGG,Stat3LepR3,N,R,UM DNA Sequencing Core,mmyers
C5P1GACXX,1,41613,RNA,ATCACG,Stat3Non3,N,R,UM DNA Sequencing Core,mmyers
C5P1GACXX,1,41614,RNA,TAGCTT,WTLepR1,N,R,UM DNA Sequencing Core,mmyers
C5P1GACXX,1,41615,RNA,GTGGCC,WTNon1,N,R,UM DNA Sequencing Core,mmyers
C5P1GACXX,1,41616,RNA,AGTCAA,WTLepR2,N,R,UM DNA Sequencing Core,mmyers
C5P1GACXX,1,41617,RNA,GTCCGC,WTNon2,N,R,UM DNA Sequencing Core,mmyers
C5P1GACXX,1,41618,RNA,ACAGTG,WTLepR3,N,R,UM DNA Sequencing Core,mmyers
C5P1GACXX,1,41619,RNA,GCCAAT,WTNon3,N,R,UM DNA Sequencing Core,mmyers
C5P1GACXX,2,41608,RNA,CGATGT,Stat3LepR1,N,R,UM DNA Sequencing Core,mmyers
C5P1GACXX,2,41609,RNA,CAGATC,Stat3Non1,N,R,UM DNA Sequencing Core,mmyers
C5P1GACXX,2,41610,RNA,GTGAAA,Stat3LepR2,N,R,UM DNA Sequencing Core,mmyers
C5P1GACXX,2,41611,RNA,TGACCA,Stat3Non2,N,R,UM DNA Sequencing Core,mmyers
C5P1GACXX,2,41612,RNA,GAGTGG,Stat3LepR3,N,R,UM DNA Sequencing Core,mmyers
C5P1GACXX,2,41613,RNA,ATCACG,Stat3Non3,N,R,UM DNA Sequencing Core,mmyers
C5P1GACXX,2,41614,RNA,TAGCTT,WTLepR1,N,R,UM DNA Sequencing Core,mmyers
C5P1GACXX,2,41615,RNA,GTGGCC,WTNon1,N,R,UM DNA Sequencing Core,mmyers
C5P1GACXX,2,41616,RNA,AGTCAA,WTLepR2,N,R,UM DNA Sequencing Core,mmyers
C5P1GACXX,2,41617,RNA,GTCCGC,WTNon2,N,R,UM DNA Sequencing Core,mmyers
C5P1GACXX,2,41618,RNA,ACAGTG,WTLepR3,N,R,UM DNA Sequencing Core,mmyers
C5P1GACXX,2,41619,RNA,GCCAAT,WTNon3,N,R,UM DNA Sequencing Core,mmyers
C5P1GACXX,3,41608,RNA,CGATGT,Stat3LepR1,N,R,UM DNA Sequencing Core,mmyers
C5P1GACXX,3,41609,RNA,CAGATC,Stat3Non1,N,R,UM DNA Sequencing Core,mmyers
C5P1GACXX,3,41610,RNA,GTGAAA,Stat3LepR2,N,R,UM DNA Sequencing Core,mmyers
C5P1GACXX,3,41611,RNA,TGACCA,Stat3Non2,N,R,UM DNA Sequencing Core,mmyers
C5P1GACXX,3,41612,RNA,GAGTGG,Stat3LepR3,N,R,UM DNA Sequencing Core,mmyers
C5P1GACXX,3,41613,RNA,ATCACG,Stat3Non3,N,R,UM DNA Sequencing Core,mmyers
C5P1GACXX,3,41614,RNA,TAGCTT,WTLepR1,N,R,UM DNA Sequencing Core,mmyers
C5P1GACXX,3,41615,RNA,GTGGCC,WTNon1,N,R,UM DNA Sequencing Core,mmyers
C5P1GACXX,3,41616,RNA,AGTCAA,WTLepR2,N,R,UM DNA Sequencing Core,mmyers
C5P1GACXX,3,41617,RNA,GTCCGC,WTNon2,N,R,UM DNA Sequencing Core,mmyers
C5P1GACXX,3,41618,RNA,ACAGTG,WTLepR3,N,R,UM DNA Sequencing Core,mmyers
C5P1GACXX,3,41619,RNA,GCCAAT,WTNon3,N,R,UM DNA Sequencing Core,mmyers
